ID,DateTime,Tag,Value
1,11/3/2018 19:20:00,18:FE:34:A4:33:5E,39
2,11/3/2018 20:17:05,18:FE:34:A4:33:5E,39
3,11/3/2018 21:12:22,18:FE:34:A4:33:5E,35
4,11/3/2018 22:09:21,18:FE:34:A4:33:5E,34
5,11/3/2018 23:06:15,18:FE:34:A4:33:5E,34
6,11/4/2018 0:03:11,18:FE:34:A4:33:5E,34
7,11/4/2018 1:00:11,18:FE:34:A4:33:5E,33
8,11/4/2018 1:57:03,18:FE:34:A4:33:5E,33
9,11/4/2018 1:53:58,18:FE:34:A4:33:5E,32
10,11/4/2018 2:50:48,18:FE:34:A4:33:5E,31
11,11/4/2018 3:47:36,18:FE:34:A4:33:5E,31
12,11/4/2018 4:44:39,18:FE:34:A4:33:5E,31
13,11/4/2018 5:41:38,18:FE:34:A4:33:5E,31
14,11/4/2018 6:38:28,18:FE:34:A4:33:5E,30
15,11/4/2018 7:35:35,18:FE:34:A4:33:5E,30
16,11/4/2018 8:35:11,18:FE:34:A4:33:5E,38
17,11/4/2018 9:33:45,18:FE:34:A4:33:5E,40
18,11/4/2018 10:31:09,18:FE:34:A4:33:5E,40
19,11/4/2018 11:27:57,18:FE:34:A4:33:5E,41
20,11/4/2018 12:24:54,18:FE:34:A4:33:5E,40
21,11/4/2018 13:21:30,18:FE:34:A4:33:5E,38
22,11/4/2018 14:18:08,18:FE:34:A4:33:5E,38
23,11/4/2018 15:14:59,18:FE:34:A4:33:5E,38
24,11/4/2018 16:11:55,18:FE:34:A4:33:5E,37
25,11/4/2018 17:08:49,18:FE:34:A4:33:5E,37
26,11/4/2018 18:05:33,18:FE:34:A4:33:5E,36
27,11/4/2018 19:02:20,18:FE:34:A4:33:5E,35
28,11/4/2018 19:59:11,18:FE:34:A4:33:5E,35
29,11/4/2018 20:56:04,18:FE:34:A4:33:5E,35
30,11/4/2018 21:52:47,18:FE:34:A4:33:5E,35
31,11/4/2018 22:49:25,18:FE:34:A4:33:5E,34
32,11/4/2018 23:46:23,18:FE:34:A4:33:5E,34
33,11/5/2018 0:43:17,18:FE:34:A4:33:5E,33
34,11/5/2018 1:40:10,18:FE:34:A4:33:5E,33
35,11/5/2018 2:37:11,18:FE:34:A4:33:5E,34
36,11/5/2018 3:34:04,18:FE:34:A4:33:5E,33
37,11/5/2018 4:30:51,18:FE:34:A4:33:5E,33
38,11/5/2018 5:28:02,18:FE:34:A4:33:5E,34
39,11/5/2018 6:25:04,18:FE:34:A4:33:5E,34
40,11/5/2018 7:22:13,18:FE:34:A4:33:5E,34
41,11/5/2018 8:20:10,18:FE:34:A4:33:5E,38
42,11/5/2018 9:18:43,18:FE:34:A4:33:5E,41
43,11/5/2018 10:16:23,18:FE:34:A4:33:5E,42
44,11/5/2018 11:13:36,18:FE:34:A4:33:5E,42
45,11/5/2018 12:10:28,18:FE:34:A4:33:5E,41
46,11/5/2018 13:07:08,18:FE:34:A4:33:5E,40
47,11/5/2018 14:03:49,18:FE:34:A4:33:5E,39
48,11/5/2018 15:00:37,18:FE:34:A4:33:5E,39
49,11/5/2018 15:57:29,18:FE:34:A4:33:5E,39
50,11/5/2018 16:54:17,18:FE:34:A4:33:5E,38
51,11/5/2018 17:51:04,18:FE:34:A4:33:5E,37
52,11/5/2018 18:47:53,18:FE:34:A4:33:5E,37
53,11/5/2018 19:44:39,18:FE:34:A4:33:5E,37
54,11/5/2018 20:41:18,18:FE:34:A4:33:5E,36
55,11/5/2018 21:38:09,18:FE:34:A4:33:5E,35
56,11/5/2018 22:34:55,18:FE:34:A4:33:5E,35
57,11/5/2018 23:31:49,18:FE:34:A4:33:5E,35
58,11/6/2018 0:28:45,18:FE:34:A4:33:5E,35
59,11/6/2018 1:25:38,18:FE:34:A4:33:5E,35
60,11/6/2018 2:22:26,18:FE:34:A4:33:5E,34
61,11/6/2018 3:19:21,18:FE:34:A4:33:5E,34
62,11/6/2018 4:16:04,18:FE:34:A4:33:5E,34
63,11/6/2018 5:13:03,18:FE:34:A4:33:5E,33
64,11/6/2018 6:09:53,18:FE:34:A4:33:5E,33
65,11/6/2018 7:06:53,18:FE:34:A4:33:5E,33
66,11/6/2018 8:05:01,18:FE:34:A4:33:5E,38
67,11/6/2018 9:03:31,18:FE:34:A4:33:5E,43
68,11/6/2018 10:01:19,18:FE:34:A4:33:5E,44
69,11/6/2018 10:57:46,18:FE:34:A4:33:5E,43
70,11/6/2018 11:54:20,18:FE:34:A4:33:5E,42
71,11/6/2018 12:51:01,18:FE:34:A4:33:5E,41
72,11/6/2018 13:47:44,18:FE:34:A4:33:5E,40
73,11/6/2018 14:44:31,18:FE:34:A4:33:5E,39
74,11/6/2018 15:41:16,18:FE:34:A4:33:5E,39
75,11/6/2018 16:38:05,18:FE:34:A4:33:5E,38
76,11/6/2018 17:34:51,18:FE:34:A4:33:5E,38
77,11/6/2018 18:31:47,18:FE:34:A4:33:5E,37
78,11/6/2018 19:28:45,18:FE:34:A4:33:5E,37
79,11/6/2018 20:25:28,18:FE:34:A4:33:5E,36
80,11/6/2018 21:22:11,18:FE:34:A4:33:5E,35
81,11/6/2018 22:19:01,18:FE:34:A4:33:5E,35
82,11/6/2018 23:15:49,18:FE:34:A4:33:5E,34
83,11/7/2018 0:12:22,18:FE:34:A4:33:5E,34
84,11/7/2018 1:09:18,18:FE:34:A4:33:5E,34
85,11/7/2018 2:06:20,18:FE:34:A4:33:5E,34
86,11/7/2018 3:03:12,18:FE:34:A4:33:5E,34
87,11/7/2018 4:00:08,18:FE:34:A4:33:5E,34
88,11/7/2018 4:57:02,18:FE:34:A4:33:5E,33
89,11/7/2018 5:53:44,18:FE:34:A4:33:5E,33
90,11/7/2018 6:50:38,18:FE:34:A4:33:5E,33
91,11/7/2018 7:48:05,18:FE:34:A4:33:5E,35
92,11/7/2018 8:47:02,18:FE:34:A4:33:5E,39
93,11/7/2018 9:45:19,18:FE:34:A4:33:5E,43
94,11/7/2018 10:42:01,18:FE:34:A4:33:5E,43
95,11/7/2018 11:38:41,18:FE:34:A4:33:5E,43
96,11/7/2018 12:35:29,18:FE:34:A4:33:5E,43
97,11/7/2018 13:32:06,18:FE:34:A4:33:5E,41
98,11/7/2018 14:28:53,18:FE:34:A4:33:5E,40
99,11/7/2018 15:25:43,18:FE:34:A4:33:5E,39
100,11/7/2018 16:22:33,18:FE:34:A4:33:5E,39
101,11/7/2018 17:19:13,18:FE:34:A4:33:5E,38
102,11/7/2018 18:15:52,18:FE:34:A4:33:5E,37
103,11/7/2018 19:12:39,18:FE:34:A4:33:5E,37
104,11/7/2018 20:09:22,18:FE:34:A4:33:5E,36
105,11/7/2018 21:06:10,18:FE:34:A4:33:5E,35
106,11/7/2018 22:02:51,18:FE:34:A4:33:5E,35
107,11/7/2018 22:59:41,18:FE:34:A4:33:5E,34
108,11/7/2018 23:56:39,18:FE:34:A4:33:5E,34
109,11/8/2018 0:53:33,18:FE:34:A4:33:5E,33
110,11/8/2018 1:50:21,18:FE:34:A4:33:5E,33
111,11/8/2018 2:47:12,18:FE:34:A4:33:5E,33
112,11/8/2018 3:44:08,18:FE:34:A4:33:5E,33
113,11/8/2018 4:41:03,18:FE:34:A4:33:5E,33
114,11/8/2018 5:38:01,18:FE:34:A4:33:5E,32
115,11/8/2018 6:34:43,18:FE:34:A4:33:5E,32
116,11/8/2018 7:31:49,18:FE:34:A4:33:5E,33
117,11/8/2018 8:30:42,18:FE:34:A4:33:5E,37
118,11/8/2018 9:29:42,18:FE:34:A4:33:5E,42
119,11/8/2018 10:27:01,18:FE:34:A4:33:5E,42
120,11/8/2018 11:23:30,18:FE:34:A4:33:5E,41
121,11/8/2018 12:20:34,18:FE:34:A4:33:5E,42
122,11/8/2018 13:17:15,18:FE:34:A4:33:5E,39
123,11/8/2018 14:14:03,18:FE:34:A4:33:5E,39
124,11/8/2018 15:10:53,18:FE:34:A4:33:5E,39
125,11/8/2018 16:07:51,18:FE:34:A4:33:5E,38
126,11/8/2018 17:05:10,18:FE:34:A4:33:5E,38
127,11/8/2018 18:01:44,18:FE:34:A4:33:5E,37
128,11/8/2018 18:58:29,18:FE:34:A4:33:5E,36
129,11/8/2018 19:55:25,18:FE:34:A4:33:5E,36
130,11/8/2018 20:52:16,18:FE:34:A4:33:5E,36
131,11/8/2018 21:49:16,18:FE:34:A4:33:5E,35
132,11/8/2018 22:45:55,18:FE:34:A4:33:5E,35
133,11/8/2018 23:42:41,18:FE:34:A4:33:5E,34
134,11/9/2018 0:39:38,18:FE:34:A4:33:5E,34
135,11/9/2018 1:36:25,18:FE:34:A4:33:5E,33
136,11/9/2018 2:33:19,18:FE:34:A4:33:5E,33
137,11/9/2018 3:30:09,18:FE:34:A4:33:5E,33
138,11/9/2018 4:26:55,18:FE:34:A4:33:5E,31
139,11/9/2018 5:23:47,18:FE:34:A4:33:5E,31
140,11/9/2018 6:20:42,18:FE:34:A4:33:5E,31
141,11/9/2018 7:21:58,18:FE:34:A4:33:5E,31
142,11/9/2018 8:18:49,18:FE:34:A4:33:5E,37
143,11/9/2018 9:15:37,18:FE:34:A4:33:5E,36
144,11/9/2018 10:14:16,18:FE:34:A4:33:5E,38
145,11/9/2018 11:11:33,18:FE:34:A4:33:5E,38
146,11/9/2018 12:07:44,18:FE:34:A4:33:5E,37
147,11/9/2018 13:04:40,18:FE:34:A4:33:5E,36
148,11/9/2018 14:01:33,18:FE:34:A4:33:5E,36
149,11/9/2018 14:58:26,18:FE:34:A4:33:5E,35
150,11/9/2018 15:55:12,18:FE:34:A4:33:5E,35
151,11/9/2018 16:51:56,18:FE:34:A4:33:5E,35
152,11/9/2018 17:48:47,18:FE:34:A4:33:5E,34
153,11/9/2018 18:45:37,18:FE:34:A4:33:5E,33
154,11/9/2018 19:42:25,18:FE:34:A4:33:5E,33
155,11/9/2018 20:39:21,18:FE:34:A4:33:5E,33
156,11/9/2018 21:36:13,18:FE:34:A4:33:5E,31
157,11/9/2018 22:32:59,18:FE:34:A4:33:5E,31
158,11/9/2018 23:29:58,18:FE:34:A4:33:5E,31
159,11/10/2018 0:26:54,18:FE:34:A4:33:5E,31
160,11/10/2018 1:23:50,18:FE:34:A4:33:5E,31
161,11/10/2018 2:20:48,18:FE:34:A4:33:5E,31
162,11/10/2018 3:17:45,18:FE:34:A4:33:5E,31
163,11/10/2018 4:14:26,18:FE:34:A4:33:5E,31
164,11/10/2018 5:11:32,18:FE:34:A4:33:5E,31
165,11/10/2018 6:08:32,18:FE:34:A4:33:5E,31
166,11/10/2018 7:05:32,18:FE:34:A4:33:5E,31
167,11/10/2018 8:02:35,18:FE:34:A4:33:5E,32
168,11/10/2018 8:59:47,18:FE:34:A4:33:5E,33
169,11/10/2018 9:57:08,18:FE:34:A4:33:5E,34
170,11/10/2018 10:54:15,18:FE:34:A4:33:5E,35
171,11/10/2018 11:51:27,18:FE:34:A4:33:5E,36
172,11/10/2018 12:48:46,18:FE:34:A4:33:5E,36
173,11/10/2018 13:45:37,18:FE:34:A4:33:5E,35
174,11/10/2018 14:42:29,18:FE:34:A4:33:5E,35
175,11/10/2018 15:39:34,18:FE:34:A4:33:5E,35
176,11/10/2018 16:36:29,18:FE:34:A4:33:5E,35
177,11/10/2018 17:33:13,18:FE:34:A4:33:5E,35
178,11/10/2018 18:29:54,18:FE:34:A4:33:5E,34
179,11/10/2018 19:26:52,18:FE:34:A4:33:5E,34
180,11/10/2018 20:23:45,18:FE:34:A4:33:5E,34
181,11/10/2018 21:20:31,18:FE:34:A4:33:5E,33
182,11/10/2018 22:17:35,18:FE:34:A4:33:5E,33
183,11/10/2018 23:14:29,18:FE:34:A4:33:5E,32
184,11/11/2018 0:11:14,18:FE:34:A4:33:5E,32
185,11/11/2018 1:08:08,18:FE:34:A4:33:5E,31
186,11/11/2018 2:05:01,18:FE:34:A4:33:5E,31
187,11/11/2018 3:01:48,18:FE:34:A4:33:5E,30
188,11/11/2018 3:58:39,18:FE:34:A4:33:5E,30
189,11/11/2018 4:55:52,18:FE:34:A4:33:5E,30
190,11/11/2018 5:52:43,18:FE:34:A4:33:5E,30
191,11/11/2018 6:49:44,18:FE:34:A4:33:5E,29
192,11/11/2018 7:47:17,18:FE:34:A4:33:5E,34
193,11/11/2018 8:45:50,18:FE:34:A4:33:5E,38
194,11/11/2018 9:43:47,18:FE:34:A4:33:5E,39
195,11/11/2018 10:40:51,18:FE:34:A4:33:5E,40
196,11/11/2018 11:37:42,18:FE:34:A4:33:5E,40
197,11/11/2018 12:34:10,18:FE:34:A4:33:5E,38
198,11/11/2018 13:31:09,18:FE:34:A4:33:5E,39
199,11/11/2018 14:28:01,18:FE:34:A4:33:5E,38
200,11/11/2018 15:24:52,18:FE:34:A4:33:5E,37
201,11/11/2018 16:21:42,18:FE:34:A4:33:5E,37
202,11/11/2018 17:18:25,18:FE:34:A4:33:5E,36
203,11/11/2018 18:15:01,18:FE:34:A4:33:5E,35
204,11/11/2018 19:11:48,18:FE:34:A4:33:5E,35
205,11/11/2018 20:08:41,18:FE:34:A4:33:5E,34
206,11/11/2018 21:05:27,18:FE:34:A4:33:5E,33
207,11/11/2018 22:02:29,18:FE:34:A4:33:5E,33
208,11/11/2018 22:58:54,18:FE:34:A4:33:5E,32
209,11/11/2018 23:55:49,18:FE:34:A4:33:5E,32
210,11/12/2018 0:52:42,18:FE:34:A4:33:5E,31
211,11/12/2018 1:49:31,18:FE:34:A4:33:5E,31
212,11/12/2018 2:46:18,18:FE:34:A4:33:5E,30
213,11/12/2018 3:43:14,18:FE:34:A4:33:5E,30
214,11/12/2018 4:39:57,18:FE:34:A4:33:5E,29
215,11/12/2018 5:36:48,18:FE:34:A4:33:5E,29
216,11/12/2018 6:33:21,18:FE:34:A4:33:5E,28
217,11/12/2018 7:30:32,18:FE:34:A4:33:5E,29
218,11/12/2018 8:29:39,18:FE:34:A4:33:5E,34
219,11/12/2018 9:28:13,18:FE:34:A4:33:5E,36
220,11/12/2018 10:25:20,18:FE:34:A4:33:5E,36
221,11/12/2018 11:21:59,18:FE:34:A4:33:5E,36
222,11/12/2018 12:18:16,18:FE:34:A4:33:5E,34
223,11/12/2018 13:14:36,18:FE:34:A4:33:5E,32
224,11/12/2018 14:11:22,18:FE:34:A4:33:5E,31
225,11/12/2018 15:08:03,18:FE:34:A4:33:5E,30
226,11/12/2018 16:04:47,18:FE:34:A4:33:5E,31
227,11/12/2018 17:01:22,18:FE:34:A4:33:5E,29
228,11/12/2018 17:58:15,18:FE:34:A4:33:5E,30
229,11/12/2018 18:54:52,18:FE:34:A4:33:5E,29
230,11/12/2018 19:51:42,18:FE:34:A4:33:5E,28
231,11/12/2018 20:48:31,18:FE:34:A4:33:5E,28
232,11/12/2018 21:45:20,18:FE:34:A4:33:5E,28
233,11/12/2018 22:41:58,18:FE:34:A4:33:5E,27
234,11/12/2018 23:39:30,18:FE:34:A4:33:5E,27
235,11/13/2018 0:36:13,18:FE:34:A4:33:5E,27
236,11/13/2018 1:34:14,18:FE:34:A4:33:5E,27
237,11/13/2018 2:32:05,18:FE:34:A4:33:5E,27
238,11/13/2018 3:29:50,18:FE:34:A4:33:5E,27
239,11/13/2018 4:27:19,18:FE:34:A4:33:5E,28
240,11/13/2018 5:24:19,18:FE:34:A4:33:5E,28
241,11/13/2018 6:19:35,18:FE:34:A4:33:5E,31
242,11/13/2018 7:13:03,18:FE:34:A4:33:5E,26
243,11/13/2018 8:11:36,18:FE:34:A4:33:5E,30
244,11/13/2018 9:09:36,18:FE:34:A4:33:5E,33
245,11/13/2018 10:07:01,18:FE:34:A4:33:5E,33
246,11/13/2018 11:04:31,18:FE:34:A4:33:5E,34
247,11/13/2018 12:00:58,18:FE:34:A4:33:5E,33
248,11/13/2018 12:58:02,18:FE:34:A4:33:5E,33
249,11/13/2018 13:54:58,18:FE:34:A4:33:5E,33
250,11/13/2018 14:51:42,18:FE:34:A4:33:5E,32
251,11/13/2018 15:48:37,18:FE:34:A4:33:5E,31
252,11/13/2018 16:45:26,18:FE:34:A4:33:5E,30
253,11/13/2018 17:42:13,18:FE:34:A4:33:5E,30
254,11/13/2018 18:38:41,18:FE:34:A4:33:5E,29
255,11/13/2018 19:35:17,18:FE:34:A4:33:5E,29
256,11/13/2018 20:32:10,18:FE:34:A4:33:5E,28
257,11/13/2018 21:29:46,18:FE:34:A4:33:5E,28
258,11/13/2018 22:26:18,18:FE:34:A4:33:5E,28
259,11/13/2018 23:22:56,18:FE:34:A4:33:5E,27
260,11/14/2018 0:19:36,18:FE:34:A4:33:5E,27
261,11/14/2018 1:16:22,18:FE:34:A4:33:5E,27
262,11/14/2018 2:14:19,18:FE:34:A4:33:5E,27
263,11/14/2018 3:11:13,18:FE:34:A4:33:5E,35
264,11/14/2018 4:04:32,18:FE:34:A4:33:5E,26
265,11/14/2018 5:02:23,18:FE:34:A4:33:5E,26
266,11/14/2018 5:59:39,18:FE:34:A4:33:5E,29
267,11/14/2018 6:52:55,18:FE:34:A4:33:5E,27
268,11/14/2018 7:50:17,18:FE:34:A4:33:5E,29
269,11/14/2018 8:48:07,18:FE:34:A4:33:5E,33
270,11/14/2018 9:45:50,18:FE:34:A4:33:5E,35
271,11/14/2018 10:42:40,18:FE:34:A4:33:5E,36
272,11/14/2018 11:39:39,18:FE:34:A4:33:5E,36
273,11/14/2018 12:36:43,18:FE:34:A4:33:5E,35
274,11/14/2018 13:34:03,18:FE:34:A4:33:5E,35
275,11/14/2018 14:31:22,18:FE:34:A4:33:5E,34
276,11/14/2018 15:28:17,18:FE:34:A4:33:5E,34
277,11/14/2018 16:25:12,18:FE:34:A4:33:5E,34
278,11/14/2018 17:22:00,18:FE:34:A4:33:5E,33
279,11/14/2018 18:18:35,18:FE:34:A4:33:5E,31
280,11/14/2018 19:15:36,18:FE:34:A4:33:5E,37
281,11/14/2018 20:12:19,18:FE:34:A4:33:5E,31
282,11/14/2018 21:08:55,18:FE:34:A4:33:5E,52
283,11/14/2018 22:05:40,18:FE:34:A4:33:5E,30
284,11/14/2018 23:02:22,18:FE:34:A4:33:5E,35
285,11/14/2018 23:56:44,18:FE:34:A4:33:5E,29
286,11/15/2018 0:54:13,18:FE:34:A4:33:5E,30
287,11/15/2018 1:50:09,18:FE:34:A4:33:5E,29
288,11/15/2018 2:47:52,18:FE:34:A4:33:5E,29
289,11/15/2018 3:45:11,18:FE:34:A4:33:5E,30
290,11/15/2018 4:40:16,18:FE:34:A4:33:5E,28
291,11/15/2018 5:38:08,18:FE:34:A4:33:5E,29
292,11/15/2018 6:35:35,18:FE:34:A4:33:5E,29
293,11/15/2018 7:32:21,18:FE:34:A4:33:5E,29
294,11/15/2018 8:31:24,18:FE:34:A4:33:5E,34
295,11/15/2018 9:29:37,18:FE:34:A4:33:5E,37
296,11/15/2018 10:26:30,18:FE:34:A4:33:5E,37
297,11/15/2018 11:23:29,18:FE:34:A4:33:5E,37
298,11/15/2018 12:20:37,18:FE:34:A4:33:5E,37
299,11/15/2018 13:17:28,18:FE:34:A4:33:5E,37
300,11/15/2018 14:14:20,18:FE:34:A4:33:5E,36
301,11/15/2018 15:11:17,18:FE:34:A4:33:5E,35
302,11/15/2018 16:08:08,18:FE:34:A4:33:5E,35
303,11/15/2018 17:05:06,18:FE:34:A4:33:5E,35
304,11/15/2018 18:01:34,18:FE:34:A4:33:5E,34
305,11/15/2018 18:58:14,18:FE:34:A4:33:5E,33
306,11/15/2018 19:55:01,18:FE:34:A4:33:5E,32
307,11/15/2018 20:51:50,18:FE:34:A4:33:5E,31
308,11/15/2018 21:48:08,18:FE:34:A4:33:5E,30
309,11/15/2018 22:44:49,18:FE:34:A4:33:5E,29
310,11/15/2018 23:42:27,18:FE:34:A4:33:5E,30
311,11/16/2018 0:39:10,18:FE:34:A4:33:5E,29
312,11/16/2018 1:37:01,18:FE:34:A4:33:5E,29
313,11/16/2018 2:34:48,18:FE:34:A4:33:5E,29
314,11/16/2018 3:31:45,18:FE:34:A4:33:5E,35
315,11/16/2018 4:24:48,18:FE:34:A4:33:5E,28
316,11/16/2018 5:22:41,18:FE:34:A4:33:5E,28
317,11/16/2018 6:19:54,18:FE:34:A4:33:5E,27
318,11/16/2018 7:16:50,18:FE:34:A4:33:5E,28
319,11/16/2018 8:15:58,18:FE:34:A4:33:5E,32
320,11/16/2018 9:14:15,18:FE:34:A4:33:5E,37
321,11/16/2018 10:11:47,18:FE:34:A4:33:5E,38
322,11/16/2018 11:08:58,18:FE:34:A4:33:5E,39
323,11/16/2018 12:06:02,18:FE:34:A4:33:5E,38
324,11/16/2018 13:03:05,18:FE:34:A4:33:5E,38
325,11/16/2018 13:59:31,18:FE:34:A4:33:5E,37
326,11/16/2018 14:56:22,18:FE:34:A4:33:5E,36
327,11/16/2018 15:53:21,18:FE:34:A4:33:5E,36
328,11/16/2018 16:50:11,18:FE:34:A4:33:5E,35
329,11/16/2018 17:46:50,18:FE:34:A4:33:5E,34
330,11/16/2018 18:43:30,18:FE:34:A4:33:5E,33
331,11/16/2018 19:40:12,18:FE:34:A4:33:5E,32
332,11/16/2018 20:36:59,18:FE:34:A4:33:5E,31
333,11/16/2018 21:33:40,18:FE:34:A4:33:5E,31
334,11/16/2018 22:30:24,18:FE:34:A4:33:5E,30
335,11/16/2018 23:27:19,18:FE:34:A4:33:5E,29
336,11/17/2018 0:24:13,18:FE:34:A4:33:5E,29
337,11/17/2018 1:21:52,18:FE:34:A4:33:5E,29
338,11/17/2018 2:18:43,18:FE:34:A4:33:5E,29
339,11/17/2018 3:16:31,18:FE:34:A4:33:5E,28
340,11/17/2018 4:14:05,18:FE:34:A4:33:5E,30
341,11/17/2018 5:09:46,18:FE:34:A4:33:5E,28
342,11/17/2018 6:07:37,18:FE:34:A4:33:5E,28
343,11/17/2018 7:04:51,18:FE:34:A4:33:5E,28
344,11/17/2018 8:03:07,18:FE:34:A4:33:5E,127
345,11/17/2018 9:01:00,18:FE:34:A4:33:5E,37
346,11/17/2018 9:59:11,18:FE:34:A4:33:5E,38
347,11/17/2018 10:56:33,18:FE:34:A4:33:5E,38
348,11/17/2018 11:53:45,18:FE:34:A4:33:5E,38
349,11/17/2018 12:50:53,18:FE:34:A4:33:5E,39
350,11/17/2018 13:47:47,18:FE:34:A4:33:5E,38
351,11/17/2018 14:44:39,18:FE:34:A4:33:5E,38
352,11/17/2018 15:41:35,18:FE:34:A4:33:5E,37
353,11/17/2018 16:38:34,18:FE:34:A4:33:5E,37
354,11/17/2018 17:35:16,18:FE:34:A4:33:5E,36
355,11/17/2018 18:31:53,18:FE:34:A4:33:5E,35
356,11/17/2018 19:28:41,18:FE:34:A4:33:5E,34
357,11/17/2018 20:25:28,18:FE:34:A4:33:5E,34
358,11/17/2018 21:22:12,18:FE:34:A4:33:5E,32
359,11/17/2018 22:18:57,18:FE:34:A4:33:5E,31
360,11/17/2018 23:15:54,18:FE:34:A4:33:5E,31
361,11/18/2018 0:12:52,18:FE:34:A4:33:5E,31
362,11/18/2018 1:09:37,18:FE:34:A4:33:5E,30
363,11/18/2018 2:06:29,18:FE:34:A4:33:5E,29
364,11/18/2018 3:03:28,18:FE:34:A4:33:5E,29
365,11/18/2018 4:00:19,18:FE:34:A4:33:5E,29
366,11/18/2018 4:57:10,18:FE:34:A4:33:5E,28
367,11/18/2018 5:54:14,18:FE:34:A4:33:5E,29
368,11/18/2018 6:51:11,18:FE:34:A4:33:5E,29
369,11/18/2018 7:48:36,18:FE:34:A4:33:5E,31
370,11/18/2018 8:46:15,18:FE:34:A4:33:5E,34
371,11/18/2018 9:45:04,18:FE:34:A4:33:5E,37
372,11/18/2018 10:42:20,18:FE:34:A4:33:5E,37
373,11/18/2018 11:39:30,18:FE:34:A4:33:5E,38
374,11/18/2018 12:36:32,18:FE:34:A4:33:5E,38
375,11/18/2018 13:33:33,18:FE:34:A4:33:5E,37
376,11/18/2018 14:30:28,18:FE:34:A4:33:5E,37
377,11/18/2018 15:27:31,18:FE:34:A4:33:5E,37
378,11/18/2018 16:24:21,18:FE:34:A4:33:5E,36
379,11/18/2018 17:21:01,18:FE:34:A4:33:5E,35
380,11/18/2018 18:17:37,18:FE:34:A4:33:5E,34
381,11/18/2018 19:14:42,18:FE:34:A4:33:5E,33
382,11/18/2018 20:11:23,18:FE:34:A4:33:5E,33
383,11/18/2018 21:08:14,18:FE:34:A4:33:5E,32
384,11/18/2018 22:05:07,18:FE:34:A4:33:5E,32
385,11/18/2018 23:02:04,18:FE:34:A4:33:5E,31
386,11/18/2018 23:58:52,18:FE:34:A4:33:5E,30
387,11/19/2018 0:55:49,18:FE:34:A4:33:5E,30
388,11/19/2018 1:52:35,18:FE:34:A4:33:5E,29
389,11/19/2018 2:49:29,18:FE:34:A4:33:5E,29
390,11/19/2018 3:46:23,18:FE:34:A4:33:5E,29
391,11/19/2018 4:43:19,18:FE:34:A4:33:5E,29
392,11/19/2018 5:40:11,18:FE:34:A4:33:5E,29
393,11/19/2018 6:37:16,18:FE:34:A4:33:5E,29
394,11/19/2018 7:34:24,18:FE:34:A4:33:5E,31
395,11/19/2018 8:32:07,18:FE:34:A4:33:5E,33
396,11/19/2018 9:31:06,18:FE:34:A4:33:5E,37
397,11/19/2018 10:28:46,18:FE:34:A4:33:5E,38
398,11/19/2018 11:25:52,18:FE:34:A4:33:5E,39
399,11/19/2018 12:23:03,18:FE:34:A4:33:5E,39
400,11/19/2018 13:19:40,18:FE:34:A4:33:5E,37
401,11/19/2018 14:16:43,18:FE:34:A4:33:5E,37
402,11/19/2018 15:13:32,18:FE:34:A4:33:5E,37
403,11/19/2018 16:10:20,18:FE:34:A4:33:5E,36
404,11/19/2018 17:07:10,18:FE:34:A4:33:5E,35
405,11/19/2018 18:03:46,18:FE:34:A4:33:5E,34
406,11/19/2018 19:00:27,18:FE:34:A4:33:5E,34
407,11/19/2018 19:57:09,18:FE:34:A4:33:5E,33
408,11/19/2018 20:53:49,18:FE:34:A4:33:5E,31
409,11/19/2018 21:50:32,18:FE:34:A4:33:5E,31
410,11/19/2018 22:47:12,18:FE:34:A4:33:5E,29
411,11/19/2018 23:44:04,18:FE:34:A4:33:5E,29
412,11/20/2018 0:40:56,18:FE:34:A4:33:5E,29
413,11/20/2018 1:37:46,18:FE:34:A4:33:5E,28
414,11/20/2018 2:34:44,18:FE:34:A4:33:5E,28
415,11/20/2018 3:31:37,18:FE:34:A4:33:5E,28
416,11/20/2018 4:28:29,18:FE:34:A4:33:5E,28
417,11/20/2018 5:25:25,18:FE:34:A4:33:5E,28
418,11/20/2018 6:22:27,18:FE:34:A4:33:5E,28
419,11/20/2018 7:19:33,18:FE:34:A4:33:5E,28
420,11/20/2018 8:17:46,18:FE:34:A4:33:5E,31
421,11/20/2018 9:16:18,18:FE:34:A4:33:5E,37
422,11/20/2018 10:13:58,18:FE:34:A4:33:5E,38
423,11/20/2018 11:11:13,18:FE:34:A4:33:5E,38
424,11/20/2018 12:08:15,18:FE:34:A4:33:5E,38
425,11/20/2018 13:05:03,18:FE:34:A4:33:5E,37
426,11/20/2018 14:01:38,18:FE:34:A4:33:5E,36
427,11/20/2018 14:58:39,18:FE:34:A4:33:5E,36
428,11/20/2018 15:55:30,18:FE:34:A4:33:5E,36
429,11/20/2018 16:52:25,18:FE:34:A4:33:5E,35
430,11/20/2018 17:49:16,18:FE:34:A4:33:5E,35
431,11/20/2018 18:46:04,18:FE:34:A4:33:5E,34
432,11/20/2018 19:42:58,18:FE:34:A4:33:5E,34
433,11/20/2018 20:39:54,18:FE:34:A4:33:5E,33
434,11/20/2018 21:36:55,18:FE:34:A4:33:5E,33
435,11/20/2018 22:33:51,18:FE:34:A4:33:5E,33
436,11/20/2018 23:30:35,18:FE:34:A4:33:5E,31
437,11/21/2018 0:27:29,18:FE:34:A4:33:5E,31
438,11/21/2018 1:24:25,18:FE:34:A4:33:5E,31
439,11/21/2018 2:21:21,18:FE:34:A4:33:5E,30
440,11/21/2018 3:18:12,18:FE:34:A4:33:5E,30
441,11/21/2018 4:15:01,18:FE:34:A4:33:5E,29
442,11/21/2018 5:11:59,18:FE:34:A4:33:5E,29
443,11/21/2018 6:09:03,18:FE:34:A4:33:5E,29
444,11/21/2018 7:06:01,18:FE:34:A4:33:5E,29
445,11/21/2018 8:03:54,18:FE:34:A4:33:5E,32
446,11/21/2018 9:01:33,18:FE:34:A4:33:5E,37
447,11/21/2018 9:59:49,18:FE:34:A4:33:5E,38
448,11/21/2018 10:57:05,18:FE:34:A4:33:5E,38
449,11/21/2018 11:54:16,18:FE:34:A4:33:5E,39
450,11/21/2018 12:51:12,18:FE:34:A4:33:5E,38
451,11/21/2018 13:48:03,18:FE:34:A4:33:5E,37
452,11/21/2018 14:45:00,18:FE:34:A4:33:5E,37
453,11/21/2018 15:41:48,18:FE:34:A4:33:5E,36
454,11/21/2018 16:38:47,18:FE:34:A4:33:5E,36
455,11/21/2018 17:35:34,18:FE:34:A4:33:5E,35
456,11/21/2018 18:32:18,18:FE:34:A4:33:5E,34
457,11/21/2018 19:28:59,18:FE:34:A4:33:5E,34
458,11/21/2018 20:25:51,18:FE:34:A4:33:5E,34
459,11/21/2018 21:22:40,18:FE:34:A4:33:5E,33
460,11/21/2018 22:19:35,18:FE:34:A4:33:5E,32
461,11/21/2018 23:16:32,18:FE:34:A4:33:5E,32
462,11/22/2018 0:13:33,18:FE:34:A4:33:5E,32
463,11/22/2018 1:10:20,18:FE:34:A4:33:5E,31
464,11/22/2018 2:07:20,18:FE:34:A4:33:5E,31
465,11/22/2018 3:04:07,18:FE:34:A4:33:5E,30
466,11/22/2018 4:01:07,18:FE:34:A4:33:5E,30
467,11/22/2018 4:57:52,18:FE:34:A4:33:5E,29
468,11/22/2018 5:54:49,18:FE:34:A4:33:5E,29
469,11/22/2018 6:51:32,18:FE:34:A4:33:5E,29
470,11/22/2018 7:48:55,18:FE:34:A4:33:5E,32
471,11/22/2018 8:45:57,18:FE:34:A4:33:5E,34
472,11/22/2018 9:43:59,18:FE:34:A4:33:5E,35
473,11/22/2018 10:40:38,18:FE:34:A4:33:5E,35
474,11/22/2018 11:38:27,18:FE:34:A4:33:5E,37
475,11/22/2018 12:35:19,18:FE:34:A4:33:5E,36
476,11/22/2018 13:32:22,18:FE:34:A4:33:5E,36
477,11/22/2018 14:29:22,18:FE:34:A4:33:5E,36
478,11/22/2018 15:26:25,18:FE:34:A4:33:5E,36
479,11/22/2018 16:23:33,18:FE:34:A4:33:5E,36
480,11/22/2018 17:20:25,18:FE:34:A4:33:5E,35
481,11/22/2018 18:17:23,18:FE:34:A4:33:5E,35
482,11/22/2018 19:14:20,18:FE:34:A4:33:5E,35
483,11/22/2018 20:11:20,18:FE:34:A4:33:5E,35
484,11/22/2018 21:08:18,18:FE:34:A4:33:5E,34
485,11/22/2018 22:05:17,18:FE:34:A4:33:5E,34
486,11/22/2018 23:02:17,18:FE:34:A4:33:5E,34
487,11/22/2018 23:59:02,18:FE:34:A4:33:5E,34
488,11/23/2018 0:55:55,18:FE:34:A4:33:5E,33
489,11/23/2018 1:52:48,18:FE:34:A4:33:5E,33
490,11/23/2018 2:49:30,18:FE:34:A4:33:5E,31
491,11/23/2018 3:46:18,18:FE:34:A4:33:5E,31
492,11/23/2018 4:43:27,18:FE:34:A4:33:5E,30
493,11/23/2018 5:40:13,18:FE:34:A4:33:5E,29
494,11/23/2018 6:37:41,18:FE:34:A4:33:5E,30
495,11/23/2018 7:34:27,18:FE:34:A4:33:5E,31
496,11/23/2018 8:32:26,18:FE:34:A4:33:5E,33
497,11/23/2018 9:31:41,18:FE:34:A4:33:5E,38
498,11/23/2018 10:29:06,18:FE:34:A4:33:5E,39
499,11/23/2018 11:26:13,18:FE:34:A4:33:5E,39
500,11/23/2018 12:23:07,18:FE:34:A4:33:5E,38
501,11/23/2018 13:19:56,18:FE:34:A4:33:5E,38
502,11/23/2018 14:16:53,18:FE:34:A4:33:5E,37
503,11/23/2018 15:13:57,18:FE:34:A4:33:5E,37
504,11/23/2018 16:10:47,18:FE:34:A4:33:5E,37
505,11/23/2018 17:07:39,18:FE:34:A4:33:5E,36
506,11/23/2018 18:04:18,18:FE:34:A4:33:5E,35
507,11/23/2018 19:01:02,18:FE:34:A4:33:5E,34
508,11/23/2018 19:57:34,18:FE:34:A4:33:5E,33
509,11/23/2018 20:54:24,18:FE:34:A4:33:5E,32
510,11/23/2018 21:51:12,18:FE:34:A4:33:5E,32
511,11/23/2018 22:48:00,18:FE:34:A4:33:5E,31
512,11/23/2018 23:44:59,18:FE:34:A4:33:5E,30
513,11/24/2018 0:41:43,18:FE:34:A4:33:5E,30
514,11/24/2018 1:38:38,18:FE:34:A4:33:5E,30
515,11/24/2018 2:35:37,18:FE:34:A4:33:5E,30
516,11/24/2018 3:32:46,18:FE:34:A4:33:5E,30
517,11/24/2018 4:29:46,18:FE:34:A4:33:5E,30
518,11/24/2018 5:27:08,18:FE:34:A4:33:5E,30
519,11/24/2018 6:23:25,18:FE:34:A4:33:5E,29
520,11/24/2018 7:21:04,18:FE:34:A4:33:5E,29
521,11/24/2018 8:18:19,18:FE:34:A4:33:5E,31
522,11/24/2018 9:21:06,18:FE:34:A4:33:5E,36
523,11/24/2018 10:16:35,18:FE:34:A4:33:5E,83
524,11/24/2018 11:14:06,18:FE:34:A4:33:5E,87
525,11/24/2018 12:11:30,18:FE:34:A4:33:5E,100
526,11/24/2018 13:08:21,18:FE:34:A4:33:5E,45
527,11/24/2018 14:05:17,18:FE:34:A4:33:5E,51
528,11/24/2018 15:02:19,18:FE:34:A4:33:5E,38
529,11/24/2018 15:59:12,18:FE:34:A4:33:5E,37
530,11/24/2018 16:56:00,18:FE:34:A4:33:5E,36
531,11/24/2018 17:52:47,18:FE:34:A4:33:5E,36
532,11/24/2018 18:49:53,18:FE:34:A4:33:5E,35
533,11/24/2018 19:46:48,18:FE:34:A4:33:5E,35
534,11/24/2018 20:43:45,18:FE:34:A4:33:5E,35
535,11/24/2018 21:40:35,18:FE:34:A4:33:5E,34
536,11/24/2018 22:37:25,18:FE:34:A4:33:5E,34
537,11/24/2018 23:34:21,18:FE:34:A4:33:5E,34
538,11/25/2018 0:31:12,18:FE:34:A4:33:5E,33
539,11/25/2018 1:27:55,18:FE:34:A4:33:5E,33
540,11/25/2018 2:24:47,18:FE:34:A4:33:5E,33
541,11/25/2018 3:21:24,18:FE:34:A4:33:5E,31
542,11/25/2018 4:18:16,18:FE:34:A4:33:5E,31
543,11/25/2018 5:15:12,18:FE:34:A4:33:5E,31
544,11/25/2018 6:12:05,18:FE:34:A4:33:5E,31
545,11/25/2018 7:08:59,18:FE:34:A4:33:5E,31
546,11/25/2018 8:06:49,18:FE:34:A4:33:5E,33
547,11/25/2018 9:04:46,18:FE:34:A4:33:5E,35
548,11/25/2018 10:02:29,18:FE:34:A4:33:5E,38
549,11/25/2018 10:59:25,18:FE:34:A4:33:5E,38
550,11/25/2018 11:56:40,18:FE:34:A4:33:5E,37
551,11/25/2018 12:53:56,18:FE:34:A4:33:5E,38
552,11/25/2018 13:50:13,18:FE:34:A4:33:5E,37
553,11/25/2018 14:47:02,18:FE:34:A4:33:5E,36
554,11/25/2018 15:43:49,18:FE:34:A4:33:5E,35
555,11/25/2018 16:40:40,18:FE:34:A4:33:5E,35
556,11/25/2018 17:37:29,18:FE:34:A4:33:5E,34
557,11/25/2018 18:34:09,18:FE:34:A4:33:5E,34
558,11/25/2018 19:31:00,18:FE:34:A4:33:5E,33
559,11/25/2018 20:27:45,18:FE:34:A4:33:5E,33
560,11/25/2018 21:24:28,18:FE:34:A4:33:5E,32
561,11/25/2018 22:21:18,18:FE:34:A4:33:5E,32
562,11/25/2018 23:18:03,18:FE:34:A4:33:5E,31
563,11/26/2018 0:14:45,18:FE:34:A4:33:5E,30
564,11/26/2018 1:11:58,18:FE:34:A4:33:5E,35
565,11/26/2018 2:05:33,18:FE:34:A4:33:5E,29
566,11/26/2018 3:03:05,18:FE:34:A4:33:5E,30
567,11/26/2018 3:59:25,18:FE:34:A4:33:5E,29
568,11/26/2018 4:57:09,18:FE:34:A4:33:5E,29
569,11/26/2018 5:54:51,18:FE:34:A4:33:5E,29
570,11/26/2018 6:51:51,18:FE:34:A4:33:5E,34
571,11/26/2018 7:45:55,18:FE:34:A4:33:5E,31
572,11/26/2018 8:43:09,18:FE:34:A4:33:5E,34
573,11/26/2018 9:41:22,18:FE:34:A4:33:5E,36
574,11/26/2018 10:38:43,18:FE:34:A4:33:5E,37
575,11/26/2018 11:35:53,18:FE:34:A4:33:5E,37
576,11/26/2018 12:32:25,18:FE:34:A4:33:5E,37
577,11/26/2018 13:29:06,18:FE:34:A4:33:5E,37
578,11/26/2018 14:25:40,18:FE:34:A4:33:5E,35
579,11/26/2018 15:22:42,18:FE:34:A4:33:5E,35
580,11/26/2018 16:19:14,18:FE:34:A4:33:5E,35
581,11/26/2018 17:16:01,18:FE:34:A4:33:5E,34
582,11/26/2018 18:12:39,18:FE:34:A4:33:5E,34
583,11/26/2018 19:09:12,18:FE:34:A4:33:5E,33
584,11/26/2018 20:05:57,18:FE:34:A4:33:5E,32
585,11/26/2018 20:21:19,84:0D:8E:88:B0:16,9.75
586,11/26/2018 20:26:06,84:0D:8E:88:B0:16,10.5
587,11/26/2018 21:02:38,18:FE:34:A4:33:5E,31
588,11/26/2018 21:04:21,84:0D:8E:88:B0:16,1024
589,11/26/2018 21:05:12,84:0D:8E:88:B0:16,1024
590,11/26/2018 21:15:03,84:0D:8E:88:B0:16,1024
591,11/26/2018 21:15:38,84:0D:8E:88:B0:16,1024
592,11/26/2018 21:59:36,18:FE:34:A4:33:5E,30
593,11/26/2018 22:11:23,84:0D:8E:88:B0:16,1024
594,11/26/2018 22:56:26,18:FE:34:A4:33:5E,29
595,11/26/2018 23:09:12,84:0D:8E:88:B0:16,1024
596,11/26/2018 23:53:19,18:FE:34:A4:33:5E,29
597,11/27/2018 0:06:57,84:0D:8E:88:B0:16,1024
598,11/27/2018 0:50:14,18:FE:34:A4:33:5E,29
599,11/27/2018 1:04:45,84:0D:8E:88:B0:16,1024
600,11/27/2018 1:46:58,18:FE:34:A4:33:5E,28
601,11/27/2018 2:02:36,84:0D:8E:88:B0:16,1024
602,11/27/2018 2:43:57,18:FE:34:A4:33:5E,28
603,11/27/2018 3:00:32,84:0D:8E:88:B0:16,1024
604,11/27/2018 3:41:47,18:FE:34:A4:33:5E,28
605,11/27/2018 3:58:28,84:0D:8E:88:B0:16,1024
606,11/27/2018 4:39:16,18:FE:34:A4:33:5E,29
607,11/27/2018 4:56:34,84:0D:8E:88:B0:16,1024
608,11/27/2018 5:35:12,18:FE:34:A4:33:5E,28
609,11/27/2018 5:54:31,84:0D:8E:88:B0:16,1024
610,11/27/2018 6:33:00,18:FE:34:A4:33:5E,28
611,11/27/2018 6:52:18,84:0D:8E:88:B0:16,1024
612,11/27/2018 7:30:36,18:FE:34:A4:33:5E,30
613,11/27/2018 7:50:14,84:0D:8E:88:B0:16,1024
614,11/27/2018 8:28:05,18:FE:34:A4:33:5E,31
615,11/27/2018 8:48:15,84:0D:8E:88:B0:16,1024
616,11/27/2018 9:27:23,18:FE:34:A4:33:5E,37
617,11/27/2018 9:46:52,84:0D:8E:88:B0:16,1024
618,11/27/2018 10:25:08,18:FE:34:A4:33:5E,38
619,11/27/2018 10:51:15,84:0D:8E:88:B0:16,291.75
620,11/27/2018 10:59:49,84:0D:8E:88:B0:16,1024
621,11/27/2018 11:00:47,84:0D:8E:88:B0:16,291.12
622,11/27/2018 11:22:15,18:FE:34:A4:33:5E,39
623,11/27/2018 11:59:20,84:0D:8E:88:B0:16,290
624,11/27/2018 12:19:18,18:FE:34:A4:33:5E,39
625,11/27/2018 12:57:15,84:0D:8E:88:B0:16,287.88
626,11/27/2018 13:16:14,18:FE:34:A4:33:5E,38
627,11/27/2018 13:54:07,84:0D:8E:88:B0:16,282.75